Driver,Country,Date of Birth,F1 Years,Current,Champion
George Abecassis,GBR,21 March 1913,1951-52,No,No
Kenny Acheson,GBR,27 November 1957,"1983, 1985",No,No
Philippe Adams,BEL,19 November 1969,1994,No,No
Walt Ader (Indy 500),USA,15 December 1913,1950,No,No
Kurt Adolff,DEU,05 November 1921,1953,No,No
Fred Agabashian (Indy 500),USA,21 August 1913,1950-58,No,No
Kurt Ahrens,DEU,19 April 1940,1968,No,No
Jack Aitken,GBR,23 September 1995,2020-21,No,No
Christijan Albers,NLD,16 April 1979,2005-07,No,No
Alexander Albon,THA,23 March 1996,"2019-20, 2022-",Yes,No
Michele Alboreto,ITA,23 December 1956,1981-94,No,No
Jean Alesi,FRA,11 June 1964,1989-2001,No,No
Jaime Alguersuari,ESP,23 March 1990,2009-11,No,No
Philippe Alliot,FRA,27 July 1953,"1984-90, 1993-94",No,No
Cliff Allison,GBR,08 February 1932,1958-61,No,No
Fernando Alonso,ESP,29 July 1981,"2001, 2003-18, 2021-",Yes,Yes
Giovanna Amati (non-starter),ITA,20 July 1959,1992,No,No
George Amick (Indy 500),USA,24 October 1924,1957-58,No,No
Red Amick (Indy 500),USA,19 January 1929,1959-60,No,No
Michael Ammermuller (free practice),DEU,14 February 1986,2006,No,No
Chris Amon,NZL,20 July 1943,1963-76,No,No
Bob Anderson,GBR,19 May 1931,1963-67,No,No
Conny Andersson,SWE,28 December 1939,1976-77,No,No
Mario Andretti,USA,28 February 1940,"1968-72, 1974-82",No,Yes
Michael Andretti,USA,05 October 1962,1993,No,No
Keith Andrews (Indy 500),USA,15 June 1920,1955-57,No,No
Andrea Kimi Antonelli,ITA,25 August 2006,2024-,Yes,No
Marco Apicella,ITA,07 October 1965,1993,No,No
Frank Armi (Indy 500),USA,12 October 1918,"1951, 1953-54",No,No
Chuck Arnold (Indy 500),USA,30 May 1926,1959-60,No,No
Rene Arnoux,FRA,04 July 1948,1978-89,No,No
Peter Arundell,GBR,08 November 1933,"1963-64, 1966",No,No
Alberto Ascari,ITA,13 July 1918,1950-55,No,Yes
Peter Ashdown,GBR,16 October 1934,1959,No,No
Ian Ashley,GBR,26 October 1947,1974-77,No,No
Gerry Ashmore,GBR,25 July 1936,1961-62,No,No
Bill Aston,GBR,29 March 1900,1952,No,No
Richard Attwood,GBR,04 April 1940,"1964-65, 1967-69",No,No
Manuel Ayulo (Indy 500),USA,20 October 1921,1950-55,No,No
Luca Badoer,ITA,25 January 1971,"1993, 1995-96, 1999, 2009",No,No
Giancarlo Baghetti,ITA,25 December 1934,1961-67,No,No
Julian Bailey,GBR,09 October 1961,"1988, 1991",No,No
Mauro Baldi,ITA,31 January 1954,1982-85,No,No
Bobby Ball (Indy 500),USA,26 August 1925,1951-52,No,No
Marcel Balsa,FRA,01 January 1909,1952,No,No
Lorenzo Bandini,ITA,21 December 1935,1961-67,No,No
Henry Banks (Indy 500),USA,14 June 1913,1950-54,No,No
Fabrizio Barbazza,ITA,02 April 1963,"1991, 1993",No,No
John Barber,GBR,29 July 1929,1953,No,No
Skip Barber,USA,16 November 1936,1971-72,No,No
Paolo Barilla,ITA,20 April 1961,1989-90,No,No
Rubens Barrichello,BRA,23 May 1972,1993-2011,No,No
Michael Bartels (non-starter),DEU,08 March 1968,1991,No,No
Edgar Barth,DEU,26 January 1917,"1953, 1960, 1964",No,No
Giorgio Bassi,ITA,20 January 1934,1965,No,No
Erwin Bauer,DEU,17 July 1912,1953,No,No
Zsolt Baumgartner,HUN,01 January 1981,2003-04,No,No
Azdrubal Bayardo (non-starter),URY,26 December 1922,1959,No,No
Elie Bayol,FRA,28 February 1914,1952-56,No,No
Oliver Bearman,GBR,08 May 2005,2023-,Yes,No
Don Beauman,GBR,26 July 1928,1954,No,No
Gunther Bechem,DEU,21 December 1921,1952-53,No,No
Jean Behra,FRA,16 February 1921,1952-59,No,No
Derek Bell,GBR,31 October 1941,"1968-72, 1974",No,No
Stefan Bellof,DEU,20 November 1957,1984-85,No,No
Paul Belmondo,FRA,23 April 1963,"1992, 1994",No,No
Tom Belso,DNK,27 August 1942,1973-74,No,No
Jean-Pierre Beltoise,FRA,26 April 1937,1967-74,No,No
Olivier Beretta,MCO,23 November 1969,1994,No,No
Allen Berg,CAN,01 August 1961,1986,No,No
Georges Berger,BEL,14 September 1918,1953-54,No,No
Gerhard Berger,AUT,27 August 1959,1984-97,No,No
Eric Bernard,FRA,24 August 1964,"1989-91, 1994",No,No
Enrique Bernoldi,BRA,19 October 1978,2001-02,No,No
Enrico Bertaggia (non-starter),ITA,19 September 1964,"1989, 1992",No,No
Tony Bettenhausen (Indy 500),USA,12 September 1916,1950-60,No,No
Mike Beuttler,GBR,13 April 1940,1971-73,No,No
Birabongse Bhanudej,THA,15 July 1914,1950-54,No,No
Jules Bianchi,FRA,03 August 1989,2012-14,No,No
Lucien Bianchi,BEL,10 November 1934,"1960-63, 1965, 1968",No,No
Gino Bianco,BRA,22 July 1916,1952,No,No
Hans Binder,AUT,12 June 1948,1976-78,No,No
Clemente Biondetti,ITA,18 August 1898,1950,No,No
Pablo Birger,ARG,07 January 1924,"1953, 1955",No,No
Art Bisch (Indy 500),USA,10 November 1926,1958,No,No
Harry Blanchard,USA,13 June 1929,1959,No,No
Michael Bleekemolen,NLD,02 October 1949,1977-78,No,No
Trevor Blokdyk,ZAF,30 November 1935,"1963, 1965",No,No
Mark Blundell,GBR,08 April 1966,"1991, 1993-95",No,No
Matteo Bobbi (free practice),ITA,02 July 1978,2003,No,No
Raul Boesel,BRA,04 December 1957,1982-83,No,No
Bob Bondurant,USA,27 April 1933,1965-66,No,No
Felice Bonetto,ITA,09 June 1903,1950-53,No,No
Jo Bonnier,SWE,31 January 1930,1956-71,No,No
Roberto Bonomi,ARG,30 September 1919,1960,No,No
Slim Borgudd,SWE,25 November 1946,1981-82,No,No
Gabriel Bortoleto,BRA,14 October 2004,2025,Yes,No
Luki Botha,ZAF,16 January 1930,1967,No,No
Valtteri Bottas,FIN,28 August 1989,2012-24,No,No
Jean-Christophe Boullion,FRA,27 December 1969,1995,No,No
Sebastien Bourdais,FRA,28 February 1979,2008-09,No,No
Thierry Boutsen,BEL,13 July 1957,1983-93,No,No
Johnny Boyd (Indy 500),USA,19 August 1926,1955-60,No,No
David Brabham,AUS,05 September 1965,"1990, 1994",No,No
Gary Brabham (non-starter),AUS,29 March 1961,1990,No,No
Jack Brabham,AUS,02 April 1926,1955-70,No,Yes
Bill Brack,CAN,26 December 1935,"1968-69, 1972",No,No
Ernesto Brambilla (non-starter),ITA,31 January 1934,"1963, 1969",No,No
Vittorio Brambilla,ITA,11 November 1937,1974-80,No,No
Toni Branca,CHE,15 September 1916,1950-51,No,No
Gianfranco Brancatelli (non-starter),ITA,18 January 1950,1979,No,No
Eric Brandon,GBR,18 July 1920,"1952, 1954",No,No
Don Branson (Indy 500),USA,02 June 1920,1959-60,No,No
Ryan Briscoe (free practice),AUS,24 September 1981,2004,No,No
Tony Brise,GBR,28 March 1952,1975,No,No
Chris Bristow,GBR,02 December 1937,1959-60,No,No
Peter Broeker,CAN,15 May 1926,1963,No,No
Tony Brooks,GBR,25 February 1932,1956-61,No,No
Alan Brown,GBR,20 November 1919,1952-54,No,No
Walt Brown (Indy 500),USA,30 December 1911,1950-51,No,No
Warwick Brown,AUS,24 December 1949,1976,No,No
Luke Browning (free practice),GBR,31 January 2022,2024,No,No
Adolf Brudes,DEU,15 October 1898,1952,No,No
Martin Brundle,GBR,01 June 1959,"1984-89, 1991-96",No,No
Gianmaria Bruni,ITA,30 May 1981,2003-04,No,No
Jimmy Bryan (Indy 500),USA,16 January 1926,1951-60,No,No
Clemar Bucci,ARG,04 September 1920,1954-55,No,No
Ronnie Bucknum,USA,05 April 1936,1964-66,No,No
Ivor Bueb,GBR,06 June 1923,1957-59,No,No
Sebastien Buemi,CHE,31 October 1988,2009-11,No,No
Luiz Bueno,BRA,16 January 1937,1973,No,No
Ian Burgess,GBR,06 July 1930,1958-63,No,No
Luciano Burti,BRA,05 March 1975,2000-01,No,No
Roberto Bussinello,ITA,04 October 1927,"1961, 1965",No,No
Jenson Button,GBR,19 January 1980,2000-17,No,Yes
Tommy Byrne,IRL,06 May 1958,1982,No,No
Giulio Cabianca,ITA,19 February 1923,1958-60,No,No
Phil Cade (non-starter),USA,12 June 1916,1959,No,No
Alex Caffi,ITA,18 March 1964,1986-92,No,No
James Calado (free practice),GBR,13 June 1989,2013,No,No
John Campbell-Jones,GBR,21 January 1930,1962-63,No,No
Adrian Campos,ESP,17 June 1960,1987-88,No,No
John Cannon,CAN,21 June 1937,1971,No,No
Eitel Cantoni,URY,04 October 1906,1952,No,No
Bill Cantrell (Indy 500),USA,31 January 1908,"1950, 1952",No,No
Ivan Capelli,ITA,24 May 1963,1985-93,No,No
Piero Carini,ITA,06 March 1921,1952-53,No,No
Duane Carter (Indy 500),USA,05 May 1913,"1950-55, 1959-60",No,No
Eugenio Castellotti,ITA,10 October 1930,1955-57,No,No
Johnny Cecotto,VEN,25 January 1956,1983-84,No,No
Alfonso Celis (free practice),MEX,18 September 1996,2016-17,No,No
Francois Cevert,FRA,25 February 1944,1970-73,No,No
Eugene Chaboud,FRA,12 April 1907,1950-51,No,No
Jay Chamberlain,USA,29 December 1925,1962,No,No
Karun Chandhok,IND,19 January 1984,2010-11,No,No
Colin Chapman (non-starter),GBR,19 May 1928,1956,No,No
Dave Charlton,ZAF,27 October 1936,"1965, 1967-68, 1970-75",No,No
Pedro Chaves (non-starter),PRT,27 February 1965,1991,No,No
Jan Charouz (free practice),CZE,17 July 1987,2011,No,No
Bill Cheesbourg (Indy 500),USA,12 June 1927,1956-60,No,No
Eddie Cheever,USA,10 January 1958,"1978, 1980-89",No,No
Andrea Chiesa,CHE,06 May 1964,1992,No,No
Max Chilton,GBR,21 April 1991,2012-14,No,No
Ettore Chimeri,VEN,04 June 1921,1960,No,No
Louis Chiron,MCO,03 August 1899,"1950-51, 1953, 1955-56, 1958",No,No
Joie Chitwood (Indy 500),USA,14 April 1912,1950,No,No
Bob Christie (Indy 500),USA,04 April 1924,1954-60,No,No
Johnny Claes,BEL,11 August 1916,"1950-53, 1955",No,No
Jim Clark,GBR,04 March 1936,1960-68,No,Yes
Dani Clos (free practice),ESP,23 October 1988,2012,No,No
Kevin Cogan (non-starter),USA,31 March 1956,1980-81,No,No
Franco Colapinto,ARG,27 May 2003,2024,No,No
Peter Collins,GBR,08 November 1931,1952-58,No,No
Bernard Collomb,FRA,07 October 1930,1961-64,No,No
Alberto Colombo (non-starter),ITA,23 February 1946,1978,No,No
Erik Comas,FRA,28 September 1963,1991-94,No,No
Gianfranco Comotti,ITA,24 July 1906,"1950, 1952",No,No
George Connor (Indy 500),USA,16 August 1906,1950-53,No,No
George Constantine,USA,22 February 1918,1959,No,No
John Cordts,CAN,23 July 1935,1969,No,No
David Coulthard,GBR,27 March 1971,1994-2008,No,No
Piers Courage,GBR,27 May 1942,1967-70,No,No
Chris Craft,GBR,17 November 1939,1971,No,No
Jim Crawford,GBR,13 February 1948,1975,No,No
Ray Crawford (Indy 500),USA,26 October 1915,1955-59,No,No
Alberto Crespo (non-starter),ARG,16 January 1920,1952,No,No
Antonio Creus,ESP,28 October 1924,1960,No,No
Larry Crockett (Indy 500),USA,23 October 1926,1954,No,No
Tony Crook,GBR,16 February 1920,1952-53,No,No
Art Cross (Indy 500),USA,24 January 1918,1952-55,No,No
Geoff Crossley,GBR,11 May 1921,1950,No,No
Cristiano da Matta,BRA,19 September 1973,2003-04,No,No
Hermano da Silva Ramos,BRA,07 December 1925,1955-56,No,No
Chuck Daigh,USA,29 November 1923,1959-60,No,No
Yannick Dalmas,FRA,28 July 1961,"1987-90, 1994",No,No
Derek Daly,IRL,11 March 1953,1978-82,No,No
Jerome d’Ambrosio,BEL,27 December 1985,2010-12,No,No
Christian Danner,DEU,04 April 1958,"1985-87, 1989",No,No
Jorge Daponte,ARG,05 June 1923,1954,No,No
Anthony Davidson,GBR,18 April 1979,"2002, 2004-08",No,No
Jimmy Davies (Indy 500),USA,08 August 1929,"1950-51, 1953-57, 1959",No,No
Colin Davis,GBR,29 July 1933,1959,No,No
Jimmy Daywalt (Indy 500),USA,28 August 1924,1951-60,No,No
Andrea de Adamich,ITA,03 October 1941,"1968, 1970-73",No,No
Elio de Angelis,ITA,26 March 1958,1979-86,No,No
Mario de Araujo Cabral,PRT,15 January 1934,"1959-60, 1963-64",No,No
Andrea de Cesaris,ITA,31 May 1959,1980-94,No,No
Alain de Changy (non-starter),BEL,05 February 1922,1959,No,No
Bernard de Dryver (non-starter),BEL,19 September 1952,1977,No,No
Maria Teresa de Filippis,ITA,11 November 1926,1958,No,No
Emmanuel de Graffenried,CHE,18 May 1914,"1950-54, 1956",No,No
Peter de Klerk,ZAF,16 March 1935,"1963, 1965, 1969-70",No,No
Pedro de la Rosa,ESP,24 February 1971,"1999-2002, 2005-06, 2010-12",No,No
Alfonso de Portago,ESP,11 October 1928,1956-57,No,No
Giovanni de Riu (non-starter),ITA,10 March 1924,1954,No,No
Max de Terra,CHE,06 October 1918,1952-53,No,No
Alessandro de Tomaso,ARG,10 July 1928,"1957, 1959",No,No
Charles de Tornaco,BEL,07 June 1927,1952-53,No,No
Emilio de Villota,ESP,26 July 1946,"1976-78, 1982",No,No
Nyck de Vries,NLD,06 February 1995,2022-23,No,No
Jean-Denis Deletraz,CHE,01 October 1963,1994-95,No,No
Jake Dennis (free practice),GBR,16 June 1995,2023,No,No
Patrick Depailler,FRA,09 August 1944,"1972, 1974-80",No,No
Lucas di Grassi,BRA,11 August 1984,2010,No,No
Paul di Resta,GBR,16 April 1986,"2010-13, 2017",No,No
Pedro Diniz,BRA,22 May 1970,1995-2000,No,No
Duke Dinsmore (Indy 500),USA,10 April 1913,"1950-54, 1956",No,No
Jose Dolhem,FRA,26 April 1944,1974,No,No
Martin Donnelly,GBR,26 March 1964,1989-90,No,No
Mark Donohue,USA,18 March 1937,"1971, 1974-75",No,No
Jack Doohan,AUS,20 January 2003,2022-,Yes,No
Robert Doornbos,NLD,23 September 1981,2004-06,No,No
Fritz d’Orey,BRA,25 March 1938,1959,No,No
Ken Downing,GBR,05 December 1917,1952,No,No
Bob Drake,USA,14 December 1919,1960,No,No
Paddy Driver,ZAF,13 May 1934,"1963, 1974",No,No
Piero Drogo,ITA,08 August 1926,1960,No,No
Felipe Drugovich (free practice),BRA,23 May 2000,2022-24,No,No
Johnny Dumfries,GBR,26 April 1958,1986,No,No
Len Duncan (Indy 500),USA,25 July 1911,1953-56,No,No
Piero Dusio (non-starter),ITA,13 October 1899,1952,No,No
George Eaton,CAN,12 November 1945,1969-71,No,No
Bernie Ecclestone (non-starter),GBR,28 October 1930,1958,No,No
Don Edmunds (Indy 500),USA,23 September 1930,"1957, 1959",No,No
Guy Edwards,GBR,30 December 1942,"1974, 1976-77",No,No
Vic Elford,GBR,10 June 1935,"1968-69, 1971",No,No
Ed Elisian (Indy 500),USA,09 December 1926,1954-58,No,No
Paul Emery,GBR,12 November 1916,"1956, 1958",No,No
Tomas Enge,CZE,11 September 1976,2001,No,No
Marcus Ericsson,SWE,02 September 1990,2014-18,No,No
Harald Ertl,AUT,31 August 1948,"1975-78, 1980",No,No
Nasif Estefano,ARG,18 November 1932,"1960, 1962",No,No
Philippe Etancelin,FRA,28 December 1896,1950-52,No,No
Bob Evans,GBR,11 June 1947,1975-76,No,No
Corrado Fabi,ITA,12 April 1961,1983-84,No,No
Teo Fabi,ITA,09 March 1955,"1982, 1984-87",No,No
Pascal Fabre,FRA,09 January 1960,1987,No,No
Carlo Facetti (non-starter),ITA,26 June 1935,1974,No,No
Luigi Fagioli,ITA,09 June 1898,1950-51,No,No
Jack Fairman,GBR,15 March 1913,"1953, 1955-61",No,No
Juan Manuel Fangio,ARG,24 June 1911,"1950-51, 1953-58",No,Yes
Giuseppe Farina,ITA,30 October 1906,1950-55,No,Yes
Walt Faulkner (Indy 500),USA,16 February 1918,1950-55,No,No
Fairuz Fauzy (free practice),MYS,24 October 1982,2010,No,No
William Ferguson (non-starter),ZAF,06 March 1940,1972,No,No
Ralph Firman,IRL,20 May 1975,2003,No,No
Ludwig Fischer (non-starter),DEU,17 December 1915,1952,No,No
Rudi Fischer,CHE,19 April 1912,1951-52,No,No
Mike Fisher,USA,13 March 1943,1967,No,No
Giancarlo Fisichella,ITA,14 January 1973,1996-2009,No,No
John Fitch,USA,04 August 1917,"1953, 1955",No,No
Christian Fittipaldi,BRA,18 January 1971,"1992, 1994",No,No
Emerson Fittipaldi,BRA,12 December 1946,1970-80,No,Yes
Pietro Fittipaldi,BRA,25 June 1996,"2020, 2022",No,No
Wilson Fittipaldi,BRA,25 December 1943,"1972-73, 1975",No,No
Theo Fitzau,DDR,10 February 1923,1953,No,No
Pat Flaherty (Indy 500),USA,06 January 1926,"1950, 1953-56, 1959",No,No
Jan Flinterman,NLD,02 October 1919,1952,No,No
Ron Flockhart,GBR,16 June 1923,"1954, 1956-60",No,No
Myron Fohr (Indy 500),USA,17 June 1912,1950,No,No
Gregor Foitek,CHE,27 March 1965,1989-90,No,No
George Follmer,USA,27 January 1934,1973,No,No
George Fonder (Indy 500),USA,22 June 1917,1950-54,No,No
Adderly Fong (free practice),HKG,02 March 1990,2014,No,No
Norberto Fontana,ARG,20 January 1975,1997,No,No
Carl Forberg (Indy 500),USA,04 March 1911,1950-52,No,No
Gene Force (Indy 500),USA,15 June 1916,"1951-52, 1957, 1959-60",No,No
Franco Forini,CHE,22 September 1958,1987,No,No
Philip Fotheringham-Parker,GBR,22 September 1907,1951,No,No
AJ Foyt (Indy 500),USA,16 January 1935,1958-60,No,No
Giorgio Francia (non-starter),ITA,08 November 1947,"1977, 1981",No,No
Don Freeland (Indy 500),USA,25 March 1925,1953-60,No,No
Heinz-Harald Frentzen,DEU,18 May 1967,1994-2003,No,No
Paul Frere,BEL,30 January 1917,1952-56,No,No
Patrick Friesacher,AUT,26 September 1980,2005,No,No
Robin Frijns (free practice),NLD,07 August 1991,2014,No,No
Joe Fry,GBR,26 October 1915,1950,No,No
Hiroshi Fushida (non-starter),JPN,10 March 1946,1975,No,No
Beppe Gabbiani,ITA,02 January 1957,"1978, 1981",No,No
Bertrand Gachot,FRA,23 December 1962,"1989-92, 1994-95",No,No
Patrick Gaillard,FRA,12 February 1952,1979,No,No
Divina Galica (non-starter),GBR,13 August 1944,"1976, 1978",No,No
Nanni Galli,ITA,02 October 1940,1970-73,No,No
Oscar Galvez,ARG,17 August 1913,1953,No,No
Fred Gamble,USA,17 March 1932,1960,No,No
Howden Ganley,NZL,24 December 1941,1971-74,No,No
Frank Gardner,AUS,01 October 1930,"1964-65, 1968",No,No
Billy Garrett (Indy 500),USA,24 April 1933,1956-58,No,No
Jo Gartner,AUT,24 January 1954,1984,No,No
Pierre Gasly,FRA,07 February 1996,2017-,Yes,No
Tony Gaze,AUS,03 February 1920,1952,No,No
Geki,ITA,23 October 1937,1964-66,No,No
Sean Gelael (free practice),IDN,01 November 1996,2017-18,No,No
Olivier Gendebien,BEL,12 January 1924,"1956, 1958-61",No,No
Marc Gene,ESP,29 March 1974,"1999-2000, 2003-04",No,No
Elmer George (Indy 500),USA,05 July 1928,"1955, 1957-58",No,No
Bob Gerard,GBR,19 January 1914,"1950-51, 1953-54, 1956-57",No,No
Gerino Gerini,ITA,10 August 1928,"1956, 1958",No,No
Peter Gethin,GBR,21 February 1940,1970-74,No,No
Piercarlo Ghinzani,ITA,16 January 1952,"1981, 1983-89",No,No
Bruno Giacomelli,ITA,10 September 1952,"1977-83, 1990",No,No
Gimax (non-starter),ITA,01 January 1938,1978,No,No
Richie Ginther,USA,05 August 1930,1960-67,No,No
Antonio Giovinazzi,ITA,14 December 1993,2017-22,No,No
Yves Giraud-Cabantous,FRA,08 October 1904,1950-53,No,No
Ignazio Giunti,ITA,30 August 1941,1970,No,No
Timo Glock,DEU,18 March 1982,"2004, 2008-12",No,No
Helm Glockler (non-starter),DEU,13 January 1909,1953,No,No
Francisco Godia,ESP,21 March 1921,"1951, 1954, 1956-58",No,No
Carel Godin de Beaufort,NLD,10 April 1934,1958-64,No,No
Paul Goldsmith (Indy 500),USA,02 October 1925,1958-60,No,No
Jose,ARG,05 October 1922,"1950-57, 1960",No,No
Oscar Gonzalez,URY,10 November 1923,1956,No,No
Rodolfo Gonzalez (free practice),VEN,14 May 1986,2013,No,No
Aldo Gordini,FRA,20 May 1921,1951,No,No
Horace Gould,GBR,20 September 1921,"1954-58, 1960",No,No
Jean-Marc Gounon,FRA,01 January 1963,1993-94,No,No
Cecil Green (Indy 500),USA,30 September 1919,1950-51,No,No
Keith Greene,GBR,05 January 1938,1959-62,No,No
Masten Gregory,USA,29 February 1932,"1957-63, 1965",No,No
Cliff Griffith (Indy 500),USA,06 February 1916,"1950-54, 1956-57",No,No
Georges Grignard,FRA,25 July 1905,1951,No,No
Bobby Grim (Indy 500),USA,04 September 1924,1959-60,No,No
Romain Grosjean,FRA,17 April 1986,"2009, 2011-20",No,No
Olivier Grouillard,FRA,02 September 1958,1989-92,No,No
Brian Gubby (non-starter),GBR,17 April 1934,1965,No,No
Miguel Angel Guerra,ARG,31 August 1953,1981,No,No
Roberto Guerrero,COL,16 November 1958,1982-83,No,No
Mauricio Gugelmin,BRA,20 April 1963,1988-92,No,No
Dan Gurney,USA,13 April 1931,"1959-68, 1970",No,No
Esteban Gutierrez,MEX,05 August 1991,"2012-14, 2016",No,No
Isack Hadjar,FRA,28 September 2004,2023-,Yes,No
Hubert Hahne,DEU,28 March 1935,"1967-68, 1970",No,No
Mike Hailwood,GBR,02 April 1940,"1963-65, 1971-74",No,No
Mika Hakkinen,FIN,28 September 1968,1991-2001,No,Yes
Bruce Halford,GBR,18 May 1931,"1956-57, 1959-60",No,No
Jim Hall,USA,23 July 1935,1960-63,No,No
Duncan Hamilton,GBR,30 April 1920,1951-53,No,No
Lewis Hamilton,GBR,07 January 1985,2007-,Yes,Yes
David Hampshire,GBR,29 December 1917,1950,No,No
Sam Hanks (Indy 500),USA,13 July 1914,1950-57,No,No
Walt Hansgen,USA,28 October 1919,"1961, 1964",No,No
Mike Harris,RHO,25 May 1939,1962,No,No
Cuth Harrison,GBR,06 July 1906,1950,No,No
Brendon Hartley,NZL,10 November 1989,2017-18,No,No
Gene Hartley (Indy 500),USA,28 January 1926,"1950, 1952-54, 1956-57, 1959-60",No,No
Rio Haryanto,IDN,22 January 1993,2016,No,No
Masahiro Hasemi,JPN,13 November 1945,1976,No,No
Naoki Hattori (non-starter),JPN,13 June 1966,1991,No,No
Paul Hawkins,AUS,12 October 1937,1965,No,No
Mike Hawthorn,GBR,10 April 1929,1952-58,No,Yes
Boy Hayje,NLD,03 May 1949,1976-77,No,No
Willi Heeks,DEU,13 February 1922,1952-53,No,No
Nick Heidfeld,DEU,10 May 1977,2000-11,No,No
Theo Helfrich,DEU,13 May 1913,1952-54,No,No
Mack Hellings (Indy 500),USA,14 September 1915,1950-51,No,No
Brian Henton,GBR,19 September 1946,"1975, 1977-78, 1981-82",No,No
Johnny Herbert,GBR,25 June 1964,1989-2000,No,No
Al Herman (Indy 500),USA,15 March 1927,1953-60,No,No
Hans Herrmann,DEU,23 February 1928,"1953-55, 1957-61",No,No
Francois Hesnault,FRA,30 December 1956,1984-85,No,No
Hans Heyer,DEU,16 March 1943,1977,No,No
Damon Hill,GBR,17 September 1960,1992-99,No,Yes
Graham Hill,GBR,15 February 1929,1958-75,No,Yes
Phil Hill,USA,20 April 1927,"1958-64, 1966",No,Yes
Ryo Hirakawa (free practice),JPN,07 March 1994,2024-25,No,No
Peter Hirt,CHE,30 March 1910,1951-53,No,No
David Hobbs,GBR,09 June 1939,"1967-68, 1971, 1974",No,No
Ingo Hoffmann,BRA,28 February 1953,1976-77,No,No
Bill Holland (Indy 500),USA,18 December 1907,"1950, 1953-54",No,No
Jackie Holmes (Indy 500),USA,04 September 1920,1950-53,No,No
Bill Homeier (Indy 500),USA,31 August 1918,"1953-55, 1958-60",No,No
Kazuyoshi Hoshino,JPN,01 July 1947,1976-77,No,No
Jerry Hoyt (Indy 500),USA,29 January 1929,"1950-51, 1953-55",No,No
Nico Hulkenberg,DEU,19 August 1987,"2010-20, 2022",Yes,No
Denny Hulme,NZL,18 June 1936,1965-74,No,Yes
James Hunt,GBR,29 August 1947,1973-79,No,Yes
Jim Hurtubise (Indy 500),USA,05 December 1932,1960,No,No
Gus Hutchison,USA,26 April 1937,1970,No,No
Jacky Ickx,BEL,01 January 1945,1967-79,No,No
Yuji Ide,JPN,21 January 1975,2006,No,No
Jesus Iglesias,ARG,22 February 1922,1955,No,No
Callum Ilott (free practice),GBR,11 November 1998,2020-21,No,No
Taki Inoue,JPN,05 September 1963,1994-95,No,No
Innes Ireland,GBR,12 June 1930,1959-66,No,No
Eddie Irvine,GBR,10 November 1965,1993-2002,No,No
Chris Irwin,GBR,27 June 1942,1966-67,No,No
Ayumu Iwasa (free practice),JPN,22 September 2001,2024,No,No
Jean-Pierre Jabouille,FRA,01 October 1942,"1974-75, 1977-81",No,No
Jimmy Jackson (Indy 500),USA,25 July 1910,"1950, 1952, 1954",No,No
Joe James (Indy 500),USA,23 May 1925,1950-52,No,No
John James,GBR,10 May 1914,1951,No,No
Neel Jani (free practice),CHE,08 December 1983,2006,No,No
Jean-Pierre Jarier,FRA,10 July 1946,"1971, 1973-83",No,No
Max Jean,FRA,27 July 1943,1971,No,No
Stefan Johansson,SWE,08 September 1956,"1980, 1983-91",No,No
Eddie Johnson (Indy 500),USA,10 February 1919,1952-60,No,No
Leslie Johnson,GBR,22 March 1912,1950,No,No
Bruce Johnstone,ZAF,30 January 1937,1962,No,No
Alan Jones,AUS,02 November 1946,"1975-81, 1983, 1985-86",No,Yes
Tom Jones (non-starter),USA,26 April 1943,1967,No,No
Juan Jover (non-starter),ESP,23 November 1903,1951,No,No
Daniel Juncadella (free practice),ESP,07 May 1991,2014,No,No
Oswald Karch,DEU,06 March 1917,1953,No,No
Narain Karthikeyan,IND,14 January 1977,"2005, 2011-12",No,No
Ukyo Katayama,JPN,29 May 1963,1992-97,No,No
Ken Kavanagh (non-starter),AUS,12 December 1923,1958,No,No
Rupert Keegan,GBR,26 February 1955,"1977-78, 1980, 1982",No,No
Eddie Keizan,ZAF,12 September 1944,1973-75,No,No
Al Keller (Indy 500),USA,11 April 1920,1955-60,No,No
Joe Kelly,IRL,13 March 1913,1950-51,No,No
David Kennedy (non-starter),IRL,15 January 1953,1980,No,No
Loris Kessel,CHE,01 April 1950,1976-77,No,No
Bruce Kessler (non-starter),USA,23 March 1936,1958,No,No
Nicolas Kiesa,DNK,03 March 1978,"2003, 2005",No,No
Jordan King (free practice),GBR,26 February 1994,2016,No,No
Leo Kinnunen,FIN,05 August 1943,1974,No,No
Danny Kladis (Indy 500),USA,10 February 1917,"1950-52, 1954-55, 1957",No,No
Hans Klenk,DEU,28 October 1919,1952,No,No
Christian Klien,AUT,07 February 1983,"2004-07, 2010",No,No
Karl Kling,DEU,16 September 1910,1954-55,No,No
Ernst Klodwig,DDR,23 May 1903,1952-53,No,No
Kamui Kobayashi,JPN,13 September 1986,"2009-12, 2014",No,No
Helmuth Koinigg,AUT,03 November 1948,1974,No,No
Heikki Kovalainen,FIN,19 October 1981,2007-13,No,No
Mikko Kozarowitzky (non-starter),FIN,17 May 1948,1977,No,No
Willi Krakau (non-starter),DEU,04 December 1911,1952,No,No
Rudolf Krause,DDR,30 March 1907,1952-53,No,No
Robert Kubica,POL,07 December 1984,"2006-10, 2018-22",No,No
Kurt Kuhnke (non-starter),DEU,30 April 1910,1963,No,No
Masami Kuwashima (non-starter),JPN,14 September 1950,1976,No,No
Daniil Kvyat,RUS,26 April 1994,"2013-17, 2019-20",No,No
Jacques Laffite,FRA,21 November 1943,1974-86,No,No
Franck Lagorce,FRA,01 September 1968,1994,No,No
Jan Lammers,NLD,02 June 1956,"1979-82, 1992",No,No
Pedro Lamy,PRT,20 March 1972,1993-96,No,No
Chico Landi,BRA,14 July 1907,"1951-53, 1956",No,No
Hermann Lang,DEU,06 April 1909,1953-54,No,No
Claudio Langes (non-starter),ITA,20 July 1960,1990,No,No
Nicola Larini,ITA,19 March 1964,"1987-92, 1994, 1997",No,No
Oscar Larrauri,ARG,19 August 1954,1988-89,No,No
Gerard Larrousse,FRA,23 May 1940,1974,No,No
Jud Larson (Indy 500),USA,21 January 1923,"1952-53, 1957-59",No,No
Nicholas Latifi,CAN,29 June 1995,2018-22,No,No
Niki Lauda,AUT,22 February 1949,"1971-79, 1982-85",No,Yes
Roger Laurent,BEL,21 February 1913,1952,No,No
Giovanni Lavaggi,ITA,18 February 1958,1995-96,No,No
Chris Lawrence,GBR,27 July 1933,1966,No,No
Liam Lawson,NZL,11 February 2002,2022-,Yes,No
Arthur Leclerc (free practice),MCO,14 October 2000,2024,No,No
Charles Leclerc,MCO,16 October 1997,2016-,Yes,No
Michel Leclere,FRA,18 March 1946,1975-76,No,No
Neville Lederle,ZAF,25 September 1938,1962,No,No
Geoff Lees,GBR,01 May 1951,"1978-80, 1982",No,No
Arthur Legat,BEL,01 November 1898,1952-53,No,No
JJ Lehto,FIN,31 January 1966,1989-94,No,No
Fabio Leimer (free practice),CHE,17 April 1989,2015,No,No
Bas Leinders (free practice),BEL,16 July 1975,2004,No,No
Lamberto Leoni,ITA,24 May 1953,1978,No,No
Les Leston,GBR,16 December 1920,1956-57,No,No
Pierre Levegh,FRA,22 December 1905,1950-51,No,No
Bayliss Levrett (Indy 500),USA,14 February 1913,1950-52,No,No
Jackie Lewis,GBR,01 November 1936,1961-62,No,No
Stuart Lewis-Evans,GBR,20 April 1930,1957-58,No,No
Andy Linden (Indy 500),USA,05 April 1922,1950-57,No,No
Guy Ligier,FRA,12 July 1930,1966-67,No,No
Roberto Lippi,ITA,17 October 1926,1961-63,No,No
Vitantonio Liuzzi,ITA,06 August 1980,"2005-07, 2009-11",No,No
Lella Lombardi,ITA,26 March 1941,1974-76,No,No
Ernst Loof,DEU,04 July 1907,1953,No,No
Andre Lotterer,DEU,19 November 1981,2014,No,No
Henri Louveau,FRA,25 January 1910,1950-51,No,No
John Love,RHO,07 December 1924,"1962-65, 1967-72",No,No
Pete Lovely,USA,11 April 1926,"1959-60, 1969-71",No,No
Roger Loyer,FRA,05 August 1907,1954,No,No
Jean Lucas,FRA,25 April 1917,1955,No,No
Jean Lucienbonnet (non-starter),FRA,07 January 1923,1959,No,No
Brett Lunger,USA,14 November 1945,1975-78,No,No
Mike MacDowel,GBR,13 September 1932,1957,No,No
Herbert MacKay-Fraser,USA,23 June 1922,1957,No,No
Bill Mackey (Indy 500),USA,15 December 1927,1951,No,No
Lance Macklin,GBR,02 September 1919,1952-55,No,No
Damien Magee,GBR,17 November 1945,1975-76,No,No
Tony Maggs,ZAF,09 February 1937,1961-65,No,No
Mike Magill (Indy 500),USA,08 February 1920,1956-59,No,No
Umberto Maglioli,ITA,05 June 1928,1953-56,No,No
Jan Magnussen,DNK,04 July 1973,"1995, 1997-98",No,No
Kevin Magnussen,DNK,05 October 1992,"2014-20, 2022-24",No,No
Guy Mairesse,FRA,10 August 1910,1950-51,No,No
Willy Mairesse,BEL,01 October 1928,"1960-63, 1965",No,No
Pastor Maldonado,VEN,09 March 1985,2011-15,No,No
Nigel Mansell,GBR,08 August 1953,"1980-92, 1994-95",No,Yes
Sergio Mantovani,ITA,22 May 1929,1953-55,No,No
Johnny Mantz (Indy 500),USA,18 September 1918,1953,No,No
Robert Manzon,FRA,12 April 1917,1950-56,No,No
Raffaele Marciello (free practice),ITA,17 December 1994,2015,No,No
Onofre Marimon,ARG,19 December 1923,"1951, 1953-54",No,No
Artem Markelov (free practice),RUS,10 September 1994,2018,No,No
Helmut Marko,AUT,27 April 1943,1971-72,No,No
Tarso Marques,BRA,19 January 1976,"1996-97, 2001",No,No
Leslie Marr,GBR,14 August 1922,1954-55,No,No
Tony Marsh,GBR,20 July 1931,1961,No,No
Eugene Martin,FRA,24 March 1915,1950,No,No
Pierluigi Martini,ITA,23 April 1961,"1984-85, 1988-95",No,No
Jochen Mass,DEU,30 September 1946,"1973-80, 1982",No,No
Felipe Massa,BRA,25 April 1981,"2002, 2004-17",No,No
Michael May,CHE,18 August 1934,1961,No,No
Tim Mayer,USA,22 February 1938,1962,No,No
Nikita Mazepin,RUS,02 March 1999,2021,No,No
Francois Mazet,FRA,24 February 1943,1971,No,No
Gaston Mazzacane,ARG,08 May 1975,2000-01,No,No
Ken McAlpine,GBR,21 September 1920,"1952-53, 1955",No,No
Perry McCarthy (non-starter),GBR,03 March 1961,1992,No,No
Ernie McCoy (Indy 500),USA,19 February 1921,1953-55,No,No
Johnny McDowell (Indy 500),USA,29 January 1915,1950-52,No,No
Jack McGrath (Indy 500),USA,08 October 1919,1950-55,No,No
Brian McGuire (non-starter),AUS,13 December 1945,1977,No,No
Bruce McLaren,NZL,30 August 1937,1959-70,No,No
Allan McNish,GBR,29 December 1969,2002-03,No,No
Graham McRae,NZL,05 March 1940,1973,No,No
Jim McWithey (Indy 500),USA,04 July 1927,1956-60,No,No
Carlos Menditeguy,ARG,10 August 1914,"1953-58, 1960",No,No
Roberto Merhi,ESP,22 March 1991,2014-15,No,No
Harry Merkel (non-starter),DEU,10 January 1918,1952,No,No
Arturo Merzario,ITA,11 March 1943,1972-79,No,No
Roberto Mieres,ARG,03 December 1924,1953-55,No,No
Francois Migault,FRA,04 December 1944,"1972, 1974-75",No,No
John Miles,GBR,14 June 1943,1969-70,No,No
Andre Milhoux,BEL,09 December 1928,1956,No,No
Chet Miller (Indy 500),USA,19 July 1902,1950-53,No,No
Gerhard Mitter,DEU,30 August 1935,1963-65,No,No
Stefano Modena,ITA,12 May 1963,1987-92,No,No
Giorgio Mondini (free practice),CHE,19 July 1980,2006,No,No
Franck Montagny,FRA,05 January 1978,"2003, 2005-06",No,No
Tiago Monteiro,PRT,24 July 1976,2005-06,No,No
Andrea Montermini,ITA,30 May 1964,1994-96,No,No
Robin Montgomerie-Charrington,GBR,23 June 1915,1952,No,No
Juan,COL,20 September 1975,2001-06,No,No
Gianni Morbidelli,ITA,13 January 1968,"1990-92, 1994-95, 1997",No,No
Roberto Moreno,BRA,11 February 1959,"1982, 1987, 1989-92, 1995",No,No
Dave Morgan,GBR,07 August 1944,1975,No,No
Silvio Moser,CHE,24 April 1941,1967-71,No,No
Bill Moss (non-starter),GBR,04 September 1933,1959,No,No
Stirling Moss,GBR,17 September 1929,1951-61,No,No
Satoshi Motoyama (free practice),JPN,04 March 1971,2003,No,No
Gino Munaron,ITA,02 April 1928,1960,No,No
David Murray,GBR,28 December 1909,1950-52,No,No
Luigi Musso,ITA,28 July 1924,1953-58,No,No
Kazuki Nakajima,JPN,11 January 1985,2007-09,No,No
Satoru Nakajima,JPN,23 February 1953,1987-91,No,No
Shinji Nakano,JPN,01 April 1971,1997-98,No,No
Duke Nalon (Indy 500),USA,02 March 1913,1950-54,No,No
Alessandro Nannini,ITA,07 July 1959,1986-90,No,No
Emanuele Naspetti,ITA,24 February 1968,1992-93,No,No
Felipe Nasr,BRA,21 August 1992,2014-16,No,No
Massimo Natili,ITA,28 July 1935,1961,No,No
Brian Naylor,GBR,24 March 1923,1959-61,No,No
Mike Nazaruk (Indy 500),USA,02 October 1921,1951-54,No,No
Tiff Needell,GBR,29 October 1951,1980,No,No
Jac Nellemann (non-starter),DNK,19 April 1944,1976,No,No
Patrick Neve,BEL,13 October 1949,1976-78,No,No
John Nicholson,NZL,06 October 1941,1974-75,No,No
Cal Niday (Indy 500),USA,29 April 1914,1953-55,No,No
Helmut Niedermayr,DEU,29 November 1915,1952,No,No
Brausch Niemann,ZAF,07 January 1939,"1963, 1965",No,No
Gunnar Nilsson,SWE,20 November 1948,1976-77,No,No
Chanoch Nissany (free practice),ISR,29 July 1963,2005,No,No
Roy Nissany (free practice),ISR,30 November 1994,2020-21,No,No
Hideki Noda,JPN,07 March 1969,1994,No,No
Lando Norris,GBR,13 November 1999,2018-,Yes,No
Rodney Nuckey,GBR,26 June 1929,1953,No,No
Robert O’Brien,USA,11 April 1908,1952,No,No
Pat O’Connor (Indy 500),USA,09 October 1928,1953-58,No,No
Esteban Ocon,FRA,17 September 1996,"2014, 2016-18, 2020-",Yes,No
Jackie Oliver,GBR,14 August 1942,"1968-73, 1977",No,No
Danny Ongais,USA,21 May 1942,1977-78,No,No
Zak O’Sullivan (free practice),GBR,06 February 2005,2023,No,No
Pato O’Ward (free practice),MEX,06 May 1999,2022-24,No,No
Arthur Owen,GBR,23 March 1915,1960,No,No
Carlos Pace,BRA,06 October 1944,1972-77,No,No
Nello Pagani,ITA,11 October 1911,1950,No,No
Riccardo Paletti,ITA,15 June 1958,1982,No,No
Torsten Palm,SWE,23 July 1947,1975,No,No
Jolyon Palmer,GBR,20 January 1991,2015-17,No,No
Jonathan Palmer,GBR,07 November 1956,1983-89,No,No
Alex Palou (free practice),ESP,01 April 1997,2022,No,No
Olivier Panis,FRA,02 September 1966,"1994-99, 2001-05",No,No
Giorgio Pantano,ITA,04 February 1979,2004,No,No
Massimiliano Papis,ITA,03 October 1969,1995,No,No
Mike Parkes,GBR,24 September 1931,1966-67,No,No
Reg Parnell,GBR,02 July 1911,"1950-52, 1954",No,No
Tim Parnell,GBR,25 June 1932,"1959, 1961, 1963",No,No
Johnnie Parsons (Indy 500),USA,04 July 1918,1950-58,No,No
Riccardo Patrese,ITA,17 April 1954,1977-93,No,No
Al Pease,CAN,15 October 1921,1967-69,No,No
Roger Penske,USA,20 February 1937,1961-62,No,No
Cesare Perdisa,ITA,21 October 1932,1955-57,No,No
Sergio Perez,MEX,26 January 1990,2011-24,No,No
Luis Perez-Sala,ESP,15 May 1959,1988-89,No,No
Larry Perkins,AUS,18 March 1950,"1974, 1976-77",No,No
Henri Pescarolo,FRA,25 September 1942,"1968, 1970-74, 1976",No,No
Alessandro Pesenti-Rossi,ITA,31 August 1942,1976,No,No
Josef Peters,DEU,16 September 1914,1952,No,No
Ronnie Peterson,SWE,14 February 1944,1970-78,No,No
Vitaly Petrov,RUS,08 September 1984,2010-12,No,No
Alfredo Pian (non-starter),ARG,21 October 1912,1950,No,No
Oscar Piastri,AUS,06 April 2001,2023,Yes,No
Charles Pic,FRA,15 February 1990,2012-14,No,No
Ernie Pieterse,ZAF,04 July 1938,"1962-63, 1965",No,No
Paul Pietsch,DEU,20 June 1911,1950-52,No,No
Andre Pilette,BEL,06 October 1918,"1951, 1953-54, 1956, 1961, 1963-64",No,No
Teddy Pilette,BEL,26 July 1942,"1974, 1977",No,No
Luigi Piotti,ITA,27 October 1913,1955-58,No,No
David Piper,GBR,02 December 1930,1959-60,No,No
Nelsinho Piquet,BRA,25 July 1985,2008-09,No,No
Nelson Piquet,BRA,17 August 1952,1978-91,No,Yes
Renato Pirocchi,ITA,23 June 1933,1961,No,No
Didier Pironi,FRA,26 March 1952,1978-82,No,No
Emanuele Pirro,ITA,12 January 1962,1989-91,No,No
Antonio Pizzonia,BRA,11 September 1980,2003-05,No,No
Jacques Pollet,FRA,02 July 1922,1954-55,No,No
Ben Pon,NLD,09 December 1936,1962,No,No
Dennis Poore,GBR,19 August 1916,1952,No,No
Sam Posey,USA,26 May 1944,1971-72,No,No
Theo Pourchaire (free practice),FRA,20 August 2003,2022-23,No,No
Charles Pozzi,FRA,27 August 1909,1950,No,No
Alexandre Premat (free practice),FRA,05 April 1982,2006,No,No
Jackie Pretorius,ZAF,22 November 1934,"1965, 1968, 1971, 1973",No,No
Ernesto Prinoth (non-starter),ITA,15 April 1923,1962,No,No
David Prophet,GBR,09 October 1937,"1963, 1965",No,No
Alain Prost,FRA,24 February 1955,"1980-91, 1993",No,Yes
Tom Pryce,GBR,11 June 1949,1974-77,No,No
David Purley,GBR,26 January 1945,"1973-74, 1977",No,No
Clive Puzey (non-starter),RHO,11 July 1941,1965,No,No
Ma Qing Hua (free practice),CHN,25 December 1987,2012-13,No,No
Dieter Quester,AUT,30 May 1939,1974,No,No
Ian Raby,GBR,22 September 1921,1963-65,No,No
Bobby Rahal,USA,10 January 1953,1978,No,No
Kimi Raikkonen,FIN,17 October 1979,"2001-09, 2012-21",No,Yes
Pierre-Henri Raphanel,FRA,27 May 1961,1988-89,No,No
Dick Rathmann (Indy 500),USA,06 January 1926,"1950, 1956-60",No,No
Jim Rathmann (Indy 500),USA,16 July 1928,"1950, 1952-60",No,No
Roland Ratzenberger,AUT,04 July 1960,1994,No,No
Luiz Razia (free practice),BRA,04 April 1989,2011,No,No
Hector Rebaque,MEX,05 February 1956,1977-81,No,No
Brian Redman,GBR,09 March 1937,"1968, 1970-74",No,No
Jimmy Reece (Indy 500),USA,17 November 1929,"1952, 1954-58",No,No
Alan Rees,GBR,12 January 1938,1967,No,No
Clay Regazzoni,CHE,05 September 1939,1970-80,No,No
Carlos Reutemann,ARG,12 April 1942,1972-82,No,No
Lance Reventlow,USA,24 February 1936,1960,No,No
Peter Revson,USA,27 February 1939,"1964, 1971-74",No,No
John Rhodes,GBR,18 August 1927,1965,No,No
Alex Ribeiro,BRA,07 November 1948,"1976-77, 1979",No,No
Daniel Ricciardo,AUS,01 July 1989,2011-24,No,No
Ken Richardson (non-starter),GBR,21 August 1911,1951,No,No
Fritz Riess,DEU,11 July 1922,1952,No,No
Jim Rigsby (Indy 500),USA,06 June 1923,"1950, 1952",No,No
Jochen Rindt,AUT,18 April 1942,1964-70,No,Yes
John Riseley-Prichard,GBR,17 January 1924,1954,No,No
Richard Robarts,GBR,22 September 1944,1974,No,No
Pedro Rodriguez,MEX,18 January 1940,1963-71,No,No
Ricardo Rodriguez,MEX,14 February 1942,1961-62,No,No
Alberto Rodriguez-Larreta,ARG,14 January 1934,1960,No,No
Franco Rol,ITA,05 June 1908,1950-52,No,No
Alan Rollinson (non-starter),GBR,15 May 1943,1965,No,No
Tony Rolt,GBR,16 October 1918,"1950, 1953, 1955",No,No
Bertil Roos,SWE,12 October 1943,1974,No,No
Keke Rosberg,FIN,06 December 1948,1978-86,No,Yes
Nico Rosberg,DEU,27 June 1985,2006-16,No,Yes
Mauri Rose (Indy 500),USA,26 May 1906,1950-51,No,No
Louis Rosier,FRA,05 November 1905,1950-56,No,No
Ricardo Rosset,BRA,27 July 1968,1996-98,No,No
Alexander Rossi,USA,25 September 1991,2012-15,No,No
Huub Rothengatter,NLD,08 October 1954,1984-86,No,No
Lloyd Ruby,USA,12 January 1928,1960-61,No,No
Jean-Claude Rudaz (non-starter),CHE,23 July 1942,1964,No,No
George Russell,GBR,15 February 1998,"2017, 2019-",Yes,No
Eddie Russo (Indy 500),USA,19 November 1925,1954-60,No,No
Paul Russo (Indy 500),USA,10 April 1914,1950-59,No,No
Troy Ruttman (Indy 500),USA,11 March 1930,"1950-52, 1954-58, 1960",No,No
Peter Ryan,CAN,10 June 1940,1961,No,No
Eddie Sachs (Indy 500),USA,28 May 1927,"1953-54, 1956-60",No,No
Bob Said,USA,05 May 1932,1959,No,No
Carlos Sainz,ESP,01 September 1994,2015-,Yes,No
Eliseo Salazar,CHL,14 November 1954,1981-83,No,No
Mika Salo,FIN,30 November 1966,"1994-2000, 2002",No,No
Roy Salvadori,GBR,12 May 1922,1952-62,No,No
Consalvo Sanesi,ITA,28 March 1911,1950-51,No,No
Logan Sargeant,USA,31 December 2000,2022-24,No,No
Stephane Sarrazin,FRA,02 November 1974,1999,No,No
Takuma Sato,JPN,28 January 1977,2002-08,No,No
Carl Scarborough (Indy 500),USA,03 July 1914,"1951, 1953",No,No
Ludovico Scarfiotti,ITA,18 October 1933,"1963-64, 1966-68",No,No
Giorgio Scarlatti,ITA,02 October 1921,1956-61,No,No
Ian Scheckter,ZAF,22 August 1947,1974-77,No,No
Jody Scheckter,ZAF,29 January 1950,1972-80,No,Yes
Harry Schell,USA,29 June 1921,1950-60,No,No
Tim Schenken,AUS,26 September 1943,1970-74,No,No
Albert Scherrer,CHE,28 February 1908,1953,No,No
Domenico Schiattarella,ITA,17 November 1967,1994-95,No,No
Heinz Schiller,CHE,25 February 1930,1962,No,No
Jean-Louis Schlesser,FRA,12 September 1948,"1983, 1988",No,No
Jo Schlesser,FRA,18 May 1928,1968,No,No
Bernd Schneider,DEU,20 July 1964,1988-90,No,No
Rudolf Schoeller,CHE,27 April 1902,1952,No,No
Bill Schindler (Indy 500),USA,06 March 1909,1950-52,No,No
Rob Schroeder,USA,11 May 1926,1962,No,No
Michael Schumacher,DEU,03 January 1969,"1991-2006, 2010-12",No,Yes
Mick Schumacher,DEU,22 March 1999,2020-22,No,No
Ralf Schumacher,DEU,30 June 1975,1997-2007,No,No
Vern Schuppan,AUS,19 March 1943,"1972, 1974-75, 1977",No,No
Adolfo Schwelm Cruz,ARG,28 June 1923,1953,No,No
Bob Scott (Indy 500),USA,04 October 1928,1952-54,No,No
Archie Scott-Brown,GBR,13 May 1927,1956,No,No
Piero Scotti,ITA,11 November 1909,1956,No,No
Wolfgang Seidel,DEU,04 July 1926,"1953, 1958, 1960-62",No,No
Gunther Seiffert (non-starter),DEU,18 October 1937,1962,No,No
Ayrton Senna,BRA,21 March 1960,1984-94,No,Yes
Bruno Senna,BRA,15 October 1983,2010-12,No,No
Dorino Serafini,ITA,22 July 1909,1950,No,No
Chico Serra,BRA,03 February 1957,1981-83,No,No
Doug Serrurier,ZAF,09 December 1920,"1962-63, 1965",No,No
Johnny Servoz-Gavin,FRA,18 January 1942,1967-70,No,No
Tony Settember,USA,10 July 1926,1962-63,No,No
Hap Sharp,USA,01 January 1928,1961-64,No,No
Brian Shawe-Taylor,GBR,28 January 1915,1950-51,No,No
Carroll Shelby,USA,11 January 1923,1958-59,No,No
Tony Shelly,NZL,02 February 1937,1962,No,No
Robert Shwartzman (free practice),ISR,16 September 1999,2022-24,No,No
Jo Siffert,CHE,07 July 1936,1962-71,No,No
Andre Simon,FRA,05 January 1920,"1951-52, 1955-57",No,No
Sergey Sirotkin,RUS,27 August 1995,"2014, 2016-18",No,No
Moises Solana,MEX,26 December 1935,1963-68,No,No
Alex Soler-Roig,ESP,29 October 1932,1970-72,No,No
Raymond Sommer,FRA,31 August 1906,1950,No,No
Vincenzo Sospiri (non-starter),ITA,07 October 1966,1997,No,No
Stephen South (non-starter),GBR,19 February 1952,1980,No,No
Mike Sparken,FRA,16 June 1930,1955,No,No
Scott Speed,USA,24 January 1983,2005-07,No,No
Mike Spence,GBR,30 December 1936,1963-68,No,No
Alan Stacey,GBR,29 August 1933,1958-60,No,No
Gaetano Starrabba,ITA,03 December 1932,1961,No,No
Will Stevens,GBR,28 June 1991,2014-15,No,No
Chuck Stevenson (Indy 500),USA,15 October 1919,"1951-54, 1960",No,No
Ian Stewart,GBR,15 July 1929,1953,No,No
Jackie Stewart,GBR,11 June 1939,1965-73,No,Yes
Jimmy Stewart,GBR,06 March 1931,1953,No,No
Siegfried Stohr,ITA,10 October 1952,1981,No,No
Rolf Stommelen,DEU,11 July 1943,"1970-76, 1978",No,No
Philippe Streiff,FRA,26 June 1955,1984-88,No,No
Lance Stroll,CAN,29 October 1998,2017-,Yes,No
Hans Stuck,DEU,27 December 1900,1952-53,No,No
Hans-Joachim Stuck,DEU,01 January 1951,1974-79,No,No
Otto Stuppacher (non-starter),AUT,03 March 1947,1976,No,No
Danny Sullivan,USA,09 March 1950,1983,No,No
Marc Surer,CHE,18 September 1951,1979-86,No,No
John Surtees,GBR,11 February 1934,1960-72,No,Yes
Andy Sutcliffe (non-starter),GBR,09 May 1947,1977,No,No
Adrian Sutil,DEU,11 January 1983,"2006-11, 2013-14",No,No
Len Sutton (Indy 500),USA,09 August 1925,"1956, 1958-60",No,No
Aguri Suzuki,JPN,08 September 1960,1988-95,No,No
Toshio Suzuki,JPN,10 March 1955,1993,No,No
Jacques Swaters,BEL,30 October 1926,"1951, 1953-54",No,No
Bob Sweikert (Indy 500),USA,20 May 1926,1950-56,No,No
Toranosuke Takagi,JPN,12 February 1974,1998-99,No,No
Noritake Takahara,JPN,06 June 1951,1976-77,No,No
Kunimitsu Takahashi,JPN,29 January 1940,1977,No,No
Patrick Tambay,FRA,25 June 1949,"1977-79, 1981-86",No,No
Luigi Taramazzo (non-starter),ITA,05 May 1932,1958,No,No
Gabriele Tarquini,ITA,02 March 1962,"1987-92, 1995",No,No
Piero Taruffi,ITA,12 October 1906,"1950-52, 1954-56",No,No
Dennis Taylor (non-starter),GBR,12 June 1921,1959,No,No
Henry Taylor,GBR,16 December 1932,1959-61,No,No
John Taylor,GBR,23 March 1933,"1964, 1966",No,No
Mike Taylor,GBR,24 April 1934,1959,No,No
Trevor Taylor,GBR,26 December 1936,"1959, 1961-64, 1966",No,No
Marshall Teague (Indy 500),USA,22 February 1921,"1953-54, 1956-57",No,No
Shorty Templeman (Indy 500),USA,12 August 1919,"1955-56, 1958-60",No,No
Andre Testut (non-starter),MCO,13 April 1926,1958-59,No,No
Mike Thackwell,NZL,30 March 1961,"1980, 1984",No,No
Alfonso Thiele,USA,05 April 1920,1960,No,No
Eric Thompson,GBR,04 November 1919,1952,No,No
Johnny Thomson (Indy 500),USA,09 April 1922,1953-60,No,No
Leslie Thorne,GBR,23 June 1916,1954,No,No
Bud Tingelstad (Indy 500),USA,04 April 1928,1960,No,No
Sam Tingle,RHO,24 August 1921,"1963, 1965, 1967-69",No,No
Desmond Titterington,GBR,01 May 1928,1956,No,No
Enrico Toccacelo (free practice),ITA,14 December 1978,2005,No,No
Johnnie Tolan (Indy 500),USA,22 October 1917,"1951, 1953-54, 1956-59",No,No
Tony Trimmer (non-starter),GBR,24 January 1943,1975-78,No,No
Maurice Trintignant,FRA,30 October 1917,1950-64,No,No
Jarno Trulli,ITA,13 July 1974,1997-2011,No,No
Yuki Tsunoda,JPN,11 May 2000,2021-,Yes,No
Esteban Tuero,ARG,22 April 1978,1998,No,No
Guy Tunmer,ZAF,01 December 1948,1975,No,No
Jack Turner (Indy 500),USA,12 February 1920,1956-60,No,No
Toni Ulmen,DEU,25 January 1906,1952,No,No
Bobby Unser,USA,20 February 1934,1968,No,No
Jerry Unser (Indy 500),USA,15 November 1932,1958,No,No
Alberto Uria,URY,11 July 1924,1955-56,No,No
Nino Vaccarella,ITA,04 March 1933,"1961-62, 1965",No,No
Davide Valsecchi (free practice),ITA,24 January 1987,2011,No,No
Eric van de Poele,BEL,30 September 1961,1991-92,No,No
Giedo van der Garde,NLD,25 April 1985,2012-14,No,No
Dries van der Lof,NLD,23 August 1919,1952,No,No
Gijs van Lennep,NLD,16 March 1942,"1971, 1973-75",No,No
Basil van Rooyen,ZAF,19 April 1938,1968-69,No,No
Stoffel Vandoorne,BEL,26 March 1992,2016-18,No,No
Bob Veith (Indy 500),USA,01 November 1924,1956-60,No,No
Jean-Eric Vergne,FRA,25 April 1990,2011-14,No,No
Jos Verstappen,NLD,04 March 1972,"1994-98, 2000-01, 2003",No,No
Max Verstappen,NLD,30 September 1997,2014-,Yes,Yes
Frederik Vesti (free practice),DNK,13 January 2002,2023,No,No
Sebastian Vettel,DEU,03 July 1987,2006-22,No,Yes
Gilles Villeneuve,CAN,18 January 1950,1977-82,No,No
Jacques Villeneuve,CAN,09 April 1971,1996-2006,No,Yes
Jacques Villeneuve Sr (non-starter),CAN,04 November 1953,"1981, 1983",No,No
Luigi Villoresi,ITA,16 May 1909,1950-56,No,No
Juri Vips (free practice),EST,10 August 2000,2022,No,No
Ernesto Viso (free practice),VEN,19 March 1985,2006,No,No
Ottorino Volonterio,CHE,07 December 1917,"1954, 1956-57",No,No
Rikky von Opel,LIE,14 October 1947,1973-74,No,No
Wolfgang von Trips,DEU,04 May 1928,1956-61,No,No
Jo Vonlanthen,CHE,31 May 1942,1975,No,No
Bill Vukovich (Indy 500),USA,13 December 1918,1950-55,No,No
Fred Wacker,USA,10 July 1918,1953-54,No,No
Dave Walker,AUS,10 June 1941,1971-72,No,No
Peter Walker,GBR,07 October 1912,"1950-51, 1955",No,No
Lee Wallard (Indy 500),USA,07 September 1910,"1950-51, 1954",No,No
Heini Walter,CHE,28 July 1927,1962,No,No
Rodger Ward (Indy 500),USA,10 January 1921,"1951-60, 1963",No,No
Derek Warwick,GBR,27 August 1954,"1981-90, 1993",No,No
John Watson,GBR,04 May 1946,"1973-83, 1985",No,No
Spider Webb (Indy 500),USA,08 October 1910,"1950, 1952-55",No,No
Mark Webber,AUS,27 August 1976,2002-13,No,No
Pascal Wehrlein,DEU,18 October 1994,2016-17,No,No
Volker Weidler (non-starter),DEU,18 March 1962,1989,No,No
Wayne Weiler (Indy 500),USA,09 December 1934,1960,No,No
Karl Wendlinger,AUT,20 December 1968,1991-95,No,No
Peter Westbury (non-starter),GBR,26 May 1938,1970,No,No
Chuck Weyant (Indy 500),USA,03 April 1923,"1952, 1954-55, 1957-59",No,No
Ken Wharton,GBR,21 March 1916,1952-55,No,No
Ted Whiteaway (non-starter),GBR,01 November 1928,1955,No,No
Graham Whitehead,GBR,15 April 1922,1952,No,No
Peter Whitehead,GBR,12 November 1914,1950-54,No,No
Bill Whitehouse,GBR,01 April 1909,1954,No,No
Robert Wickens (free practice),CAN,13 March 1989,2011,No,No
Robin Widdows,GBR,27 May 1942,1968,No,No
Eppie Wietzes,CAN,28 May 1938,"1967, 1974",No,No
Mike Wilds,GBR,07 January 1946,1974-76,No,No
Jonathan Williams,GBR,26 October 1942,1967,No,No
Roger Williamson,GBR,02 February 1948,1973,No,No
Dempsey Wilson (Indy 500),USA,11 March 1927,1956-60,No,No
Desire Wilson (non-starter),ZAF,26 November 1953,1980,No,No
Justin Wilson,GBR,31 July 1978,2003,No,No
Vic Wilson,GBR,14 April 1931,"1960, 1966",No,No
Joachim Winkelhock (non-starter),DEU,24 October 1960,1989,No,No
Manfred Winkelhock,DEU,06 October 1951,"1980, 1982-85",No,No
Markus Winkelhock,DEU,13 June 1980,2006-07,No,No
Bjorn Wirdheim (free practice),SWE,04 April 1980,2003-04,No,No
Reine Wisell,SWE,30 September 1941,1970-74,No,No
Susie Wolff (free practice),GBR,06 December 1982,2014-15,No,No
Roelof Wunderink,NLD,12 December 1948,1975,No,No
Alexander Wurz,AUT,15 February 1974,"1997-2000, 2005-07",No,No
Naoki Yamamoto (free practice),JPN,11 July 1988,2019,No,No
Sakon Yamamoto,JPN,09 July 1982,"2005-07, 2010",No,No
Alex Yoong,MYS,20 July 1976,2001-02,No,No
Alessandro Zanardi,ITA,23 October 1966,"1991-94, 1999",No,No
Emilio Zapico (non-starter),ESP,21 May 1944,1976,No,No
Guanyu Zhou,CHN,30 May 1999,2021-24,No,No
Ricardo Zonta,BRA,23 March 1976,"1999-2001, 2004-05",No,No
Renzo Zorzi,ITA,12 December 1946,1975-77,No,No
Ricardo Zunino,ARG,13 April 1949,1979-81,No,No
